{
  "project_info": {
    "project_number": "343664443701",
    "project_id": "l3-miniprojet",
    "storage_bucket": "l3-miniprojet.appspot.com"
  },
  "client": [
    {
      "client_info": {
        "mobilesdk_app_id": "1:343664443701:android:71d0301cc26f17cca4cc7c",
        "android_client_info": {
          "package_name": "com.example.noblee"
        }
      },
      "oauth_client": [
        {
          "client_id": "343664443701-srssvgs3ufk8utpbkndkdd2ojcota7be.apps.googleusercontent.com",
          "client_type": 3
        }
      ],
      "api_key": [
        {
          "current_key": "AIzaSyCBVoB9aLr3rvbJU1P5hbE5yFUBWs4ZrAM"
        }
      ],
      "services": {
        "appinvite_service": {
          "other_platform_oauth_client": [
            {
              "client_id": "343664443701-srssvgs3ufk8utpbkndkdd2ojcota7be.apps.googleusercontent.com",
              "client_type": 3
            }
          ]
        }
      }
    }
  ],
  "configuration_version": "1"
}